career,annual_average_income,job_demands,job_description,required_skills,required_interests,personality_fit,technical_skills,analytical_skills,communication_skills,creativity,adaptability,education_level,interest_in_tech,interest_in_design,interest_in_management,openness,conscientiousness,extraversion,agreeableness,neuroticism
Data Scientist,1500000,"Office-based, moderate mental stress","Analyze data, build predictive models","Python,SQL,Machine Learning","Technology,Analytics","High openness, high conscientiousness",0.90,0.95,0.70,0.65,0.80,1.0,0.95,0.40,0.50,0.85,0.90,0.60,0.75,0.30
Machine Learning Engineer,1400000,"Office-based, tight deadlines","Develop and deploy ML algorithms","Python,TensorFlow,Math","Technology,Research","High analytical thinking, moderate openness",0.92,0.93,0.65,0.60,0.80,1.0,0.95,0.35,0.55,0.80,0.88,0.55,0.60,0.35
AI Research Scientist,1800000,"Academic/industrial research stress","Research cutting-edge AI methods","Python,R,Deep Learning","Technology,Research","High openness, high intellectual curiosity",0.95,0.97,0.60,0.70,0.75,1.0,0.98,0.30,0.40,0.90,0.90,0.50,0.50,0.30
Software Developer,1000000,"Office-based, problem-solving stress","Write and maintain software applications","Java,Data Structures,Debugging","Technology,Problem-Solving","Moderate openness, moderate conscientiousness",0.85,0.85,0.70,0.60,0.75,0.60,0.90,0.45,0.55,0.70,0.75,0.60,0.65,0.40
Cybersecurity Analyst,1100000,"Frequent on-call, mental stress","Protect systems from security breaches","Networking,Encryption,Pen Testing","Technology,Law Enforcement","Moderate openness, high conscientiousness",0.88,0.90,0.65,0.55,0.85,0.80,0.92,0.40,0.50,0.60,0.85,0.50,0.65,0.45
UX/UI Designer,800000,"Creative pressure, tight deadlines","Design intuitive user interfaces","Prototyping,User Research,Adobe XD","Arts,Design,Technology","High creativity, moderate conscientiousness",0.70,0.75,0.80,0.95,0.80,0.60,0.65,0.98,0.50,0.90,0.70,0.55,0.70,0.40
Cloud Architect,1300000,"Scalable solutions, on-call","Design and manage cloud infrastructure","AWS,Networking,DevOps","Technology,Architecture","Moderate openness, high conscientiousness",0.90,0.88,0.70,0.60,0.80,1.0,0.92,0.40,0.50,0.75,0.85,0.65,0.65,0.35
Robotics Engineer,1250000,"Lab work, hardware complexity","Develop robotic systems for automation","Embedded C,Mechanical Design,ROS","Technology,Manufacturing","High analytical, moderate agreeableness",0.92,0.90,0.65,0.70,0.80,1.0,0.90,0.55,0.45,0.80,0.82,0.50,0.55,0.40
Renewable Energy Engineer,900000,"Field visits, sustainable solutions","Design renewable energy systems","Solar Tech,Wind Turbines,Electrical","Environment,Technology","High conscientiousness, moderate openness",0.85,0.80,0.65,0.70,0.85,0.80,0.85,0.60,0.50,0.85,0.80,0.65,0.70,0.35
Fintech Analyst,950000,"Fast-paced, tight deadlines","Analyze financial data using tech solutions","Finance,Python,Analytics","Business,Technology","Moderate openness, high conscientiousness",0.88,0.90,0.70,0.60,0.75,0.80,0.90,0.40,0.55,0.70,0.80,0.60,0.60,0.45
Healthcare Data Analyst,850000,"Healthcare compliance, accuracy","Interpret patient or hospital data","SQL,Statistics,Healthcare","Healthcare,Research","Moderate openness, moderate agreeableness",0.75,0.85,0.70,0.55,0.75,0.80,0.80,0.40,0.45,0.60,0.75,0.50,0.50,0.40
Genetic Counselor,700000,"Patient interaction, ethical constraints","Assess genetic risks, advise patients","Genetics,Counseling,Research","Healthcare,Research","High agreeableness, moderate openness",0.60,0.70,0.85,0.65,0.75,1.0,0.65,0.40,0.65,0.80,0.75,0.70,0.75,0.50
Autonomous Vehicle Engineer,1400000,"Hardware-software integration","Design self-driving car systems","C++,Sensors,Control Systems","Technology,Transportation","High openness, high analytical skills",0.94,0.92,0.65,0.65,0.85,1.0,0.97,0.40,0.50,0.80,0.88,0.50,0.55,0.35
Drone Operator,600000,"Field travel, precise controls","Operate and maintain drones","Flight Control,Regulations,Electronics","Technology,Aerial Services","Moderate openness, moderate conscientiousness",0.75,0.70,0.60,0.60,0.65,0.50,0.80,0.40,0.40,0.65,0.70,0.55,0.50,0.45
Quantum Computing Researcher,2000000,"High complexity, research stress","Explore quantum algorithms and hardware","Quantum Mechanics,Linear Algebra,Qiskit","Research,Technology","High openness, high intellectual curiosity",0.98,0.98,0.55,0.70,0.75,1.0,0.98,0.30,0.40,0.90,0.90,0.60,0.45,0.30
Blockchain Developer,1200000,"Fast-paced, emerging tech","Build decentralized applications","Solidity,Smart Contracts,Cryptography","Technology,Business","Moderate openness, moderate conscientiousness",0.93,0.90,0.65,0.60,0.80,0.80,0.95,0.45,0.50,0.70,0.80,0.60,0.55,0.35
Full Stack Developer,1000000,"Agile environment, multi-tasking","Develop front-end and back-end solutions","JavaScript,Node.js,React","Technology,Problem-Solving","Moderate openness, moderate extraversion",0.88,0.85,0.70,0.60,0.75,0.60,0.90,0.50,0.55,0.70,0.75,0.60,0.65,0.40
IoT Solutions Architect,1300000,"System integration, IoT devices","Plan and implement IoT ecosystems","Embedded Systems,Cloud,Networking","Technology,Manufacturing","Moderate openness, high analytical skills",0.92,0.90,0.65,0.60,0.80,1.0,0.93,0.50,0.55,0.75,0.84,0.55,0.60,0.35
AR/VR Developer,900000,"Creative dev, user experience","Create augmented/virtual reality apps","Unity,3D Modeling,C#","Technology,Arts","High creativity, moderate openness",0.85,0.80,0.70,0.90,0.80,0.60,0.88,0.95,0.40,0.85,0.82,0.60,0.70,0.45
Industrial Designer,750000,"Production constraints, creative demands","Design products balancing form/function","CAD,Materials,User Research","Arts,Manufacturing","High creativity, moderate conscientiousness",0.70,0.75,0.80,0.90,0.70,0.60,0.65,0.90,0.50,0.80,0.70,0.55,0.65,0.40
Civil Services Officer,600000,"High responsibility, public-facing","Manage government policies, public welfare","Administration,Leadership,Policy","Government,Civil Services","High conscientiousness, moderate openness",0.50,0.60,0.85,0.50,0.75,1.0,0.65,0.40,0.80,0.60,0.80,0.60,0.65,0.35
Urban Planner,650000,"Regulatory adherence, site analysis","Plan city layouts and infrastructure","GIS,Zoning,Architecture","Government,Environment","Moderate openness, moderate conscientiousness",0.55,0.70,0.80,0.60,0.70,0.80,0.65,0.40,0.75,0.65,0.75,0.55,0.60,0.40
Digital Marketing Specialist,700000,"Client pressure, creative deadlines","Create and execute online marketing strategies","SEO,Social Media,Analytics","Business,Marketing","Moderate extraversion, moderate creativity",0.65,0.70,0.85,0.80,0.80,0.60,0.60,0.80,0.75,0.78,0.70,0.60,0.65,0.45
Content Strategist,600000,"Creative writing, deadlines","Plan and produce content for brands","Writing,SEO,Editorial Skills","Marketing,Media","Moderate openness, moderate agreeableness",0.50,0.65,0.85,0.80,0.80,0.60,0.60,0.70,0.80,0.70,0.65,0.60,0.65,0.40
Big Data Engineer,1300000,"High volume data, system design","Build and maintain big data pipelines","Hadoop,Spark,Scala","Technology,Analytics","High analytical, moderate openness",0.93,0.95,0.60,0.60,0.80,1.0,0.95,0.35,0.50,0.80,0.88,0.55,0.55,0.35
Environmental Scientist,800000,"Field work, data collection","Research environmental issues, propose solutions","Data Analysis,Field Research,Policy","Environment,Research","High openness, moderate agreeableness",0.75,0.85,0.70,0.70,0.90,0.80,0.60,0.70,0.50,0.80,0.85,0.50,0.65,0.40
Solar Panel Technician,450000,"Field installations, moderate physical","Install and maintain solar panels","Electrical,Hands-on,Diagnostics","Energy,Technology","Moderate openness, moderate conscientiousness",0.60,0.65,0.50,0.50,0.70,0.50,0.70,0.40,0.30,0.50,0.65,0.60,0.50,0.45
Ethical Hacker,1000000,"Frequent testing, mental load","Test and secure systems against hacks","Pen Testing,Linux,Exploit Research","Technology,Security","Moderate openness, high conscientiousness",0.90,0.92,0.65,0.60,0.80,0.80,0.95,0.40,0.45,0.70,0.85,0.50,0.65,0.40
Data Privacy Officer,950000,"Compliance load, risk management","Oversee data protection, privacy policies","Legal,Data Governance,Auditing","Technology,Legal","Moderate openness, high conscientiousness",0.85,0.90,0.75,0.60,0.85,1.0,0.90,0.40,0.50,0.70,0.80,0.60,0.60,0.40
Product Manager,1200000,"Cross-functional coordination","Define product vision, manage roadmap","Leadership,Market Research,Strategy","Business,Technology","High extraversion, moderate openness",0.70,0.80,0.85,0.70,0.80,0.80,0.75,0.40,0.90,0.85,0.75,0.65,0.70,0.45
Business Analyst,900000,"Client communication, solution design","Analyze business processes, propose improvements","Documentation,Data Analysis,Modeling","Business,Problem-Solving","Moderate openness, moderate conscientiousness",0.65,0.80,0.80,0.60,0.75,0.80,0.70,0.40,0.60,0.75,0.70,0.60,0.65,0.40
Management Consultant,1300000,"Travel, client pressure","Advise organizations on strategy and ops","Presentation,Analytical,Financial","Business,Leadership","Moderate extraversion, high conscientiousness",0.70,0.85,0.80,0.65,0.80,0.80,0.70,0.35,0.80,0.80,0.75,0.65,0.70,0.40
Operations Research Analyst,800000,"Complex problem-solving","Optimize processes using mathematical methods","Statistics,Linear Programming,Logic","Business,Research","High analytical, moderate openness",0.80,0.90,0.60,0.50,0.70,0.80,0.85,0.30,0.40,0.60,0.75,0.55,0.50,0.35
Renewable Energy Project Manager,1000000,"Project deadlines, stakeholder management","Oversee renewable energy installations","Project Management,Solar,Wind","Environment,Business","High conscientiousness, moderate openness",0.75,0.80,0.75,0.65,0.85,1.0,0.70,0.55,0.80,0.70,0.78,0.60,0.70,0.40
EdTech Curriculum Designer,700000,"Creative content creation","Develop educational modules for online platforms","Instructional Design,Subject Matter","Education,Technology","Moderate openness, moderate agreeableness",0.60,0.65,0.80,0.80,0.80,0.60,0.65,0.70,0.40,0.75,0.70,0.60,0.55,0.45
Medical Technologist,650000,"Lab environment, precision","Operate and maintain medical lab equipment","Lab Procedures,Diagnostics,Quality Control","Healthcare,Research","High conscientiousness, moderate agreeableness",0.50,0.70,0.60,0.50,0.70,0.80,0.55,0.30,0.50,0.60,0.70,0.65,0.55,0.40
Biotechnologist,800000,"Research labs, experimental failures","Develop biotech products, research processes","Molecular Biology,Genetics,Lab Skills","Healthcare,Research","High openness, moderate conscientiousness",0.70,0.80,0.60,0.65,0.75,0.80,0.75,0.40,0.40,0.70,0.78,0.50,0.60,0.35
Pharmacovigilance Expert,750000,"Regulatory deadlines, data analysis","Monitor drug safety, report adverse events","Pharma,Regulations,Data Entry","Healthcare,Legal","Moderate openness, high conscientiousness",0.65,0.75,0.70,0.50,0.70,0.80,0.65,0.35,0.40,0.60,0.70,0.60,0.65,0.45
Physiotherapist,500000,"Physical therapy, patient care","Rehabilitate patients with exercises","Anatomy,Patient Care,Manual Therapy","Healthcare,Wellness","High agreeableness, moderate openness",0.45,0.60,0.85,0.60,0.75,1.0,0.40,0.30,0.55,0.70,0.80,0.80,0.70,0.50
Telemedicine Specialist,750000,"Remote patient interaction","Deliver healthcare via digital platforms","Medical Knowledge,Telehealth Tools","Healthcare,Technology","High agreeableness, moderate conscientiousness",0.60,0.70,0.80,0.50,0.80,1.0,0.65,0.40,0.50,0.65,0.75,0.70,0.60,0.40
Public Health Officer,600000,"Policy-making, community outreach","Manage public health programs","Epidemiology,Communication,Policy","Government,Healthcare","High conscientiousness, moderate extraversion",0.50,0.70,0.80,0.60,0.75,1.0,0.60,0.30,0.55,0.65,0.70,0.70,0.65,0.45
Occupational Therapist,550000,"Patient rehabilitation, customization","Help patients recover essential life skills","Therapy,Anatomy,Empathy","Healthcare,Social Work","High agreeableness, moderate openness",0.40,0.60,0.85,0.70,0.75,0.80,0.40,0.20,0.45,0.70,0.75,0.80,0.65,0.50
Veterinary Doctor,650000,"Animal care, possible emergencies","Diagnose and treat animals","Vet Medicine,Surgery,Empathy","Healthcare,Animals","High agreeableness, moderate openness",0.50,0.70,0.70,0.50,0.75,1.0,0.40,0.20,0.40,0.65,0.70,0.80,0.60,0.45
Nutritionist/Dietitian,500000,"Client-facing, diet planning","Advise on diets for health and wellness","Diet Planning,Nutrition Science,Consultation","Healthcare,Wellness","High agreeableness, moderate conscientiousness",0.40,0.65,0.85,0.60,0.70,0.60,0.50,0.30,0.50,0.70,0.75,0.75,0.65,0.45
Food Technologist,550000,"Quality control, R&D","Develop and improve food products","Food Science,Quality Testing,Regulations","Manufacturing,Research","Moderate openness, moderate conscientiousness",0.45,0.65,0.65,0.60,0.65,0.60,0.60,0.30,0.40,0.60,0.70,0.65,0.55,0.40
Chef,600000,"Kitchen stress, creative demands","Plan and cook meals in restaurants","Culinary Skills,Menu Planning,Hygiene","Hospitality,Arts","High creativity, moderate extraversion",0.40,0.55,0.80,0.85,0.75,0.60,0.40,0.70,0.40,0.75,0.70,0.60,0.65,0.45
Hotel Manager,700000,"Customer service, operational stress","Oversee hotel operations and staff","Hospitality,Leadership,Budgeting","Hospitality,Management","Moderate extraversion, moderate openness",0.50,0.60,0.85,0.50,0.70,0.60,0.40,0.30,0.80,0.70,0.70,0.65,0.60,0.40
Travel Consultant,550000,"Client-facing, itinerary planning","Plan and book travel arrangements","Geography,Customer Service,Sales","Hospitality,Tourism","Moderate extraversion, moderate agreeableness",0.40,0.50,0.85,0.60,0.70,0.50,0.35,0.20,0.70,0.65,0.70,0.70,0.60,0.40
Airline Pilot,2000000,"Long flights, high responsibility","Operate aircraft, ensure passenger safety","Navigation,Team Coordination,Regulations","Transport,Technology","High conscientiousness, moderate extraversion",0.65,0.75,0.70,0.50,0.70,1.0,0.70,0.40,0.60,0.60,0.70,0.60,0.55,0.35
Aerospace Engineer,1800000,"Complex projects, R&D","Design and develop aircraft/spacecraft","CAD,Aerodynamics,Propulsion","Technology,Research","High analytical, moderate openness",0.90,0.90,0.60,0.65,0.80,1.0,0.90,0.45,0.50,0.70,0.85,0.55,0.60,0.30
Teacher (Online Learning),500000,"Student interaction, lesson planning","Conduct virtual classes, assess assignments","Subject Matter,Communication,Patience","Education,Technology","High agreeableness, moderate openness",0.40,0.60,0.85,0.65,0.75,0.60,0.50,0.40,0.55,0.70,0.70,0.70,0.65,0.45
E-Learning Platform Developer,900000,"Platform features, user load","Build and maintain e-learning software","JavaScript,PHP,LMS Tools","Technology,Education","Moderate openness, moderate conscientiousness",0.80,0.85,0.65,0.75,0.80,0.80,0.90,0.50,0.40,0.75,0.80,0.60,0.60,0.40
Librarian (Digital),450000,"Organizing digital resources","Manage e-libraries, help users find info","Cataloging,Search Tools,Archiving","Education,Research","Moderate agreeableness, moderate conscientiousness",0.30,0.50,0.80,0.40,0.50,0.60,0.35,0.20,0.30,0.50,0.65,0.60,0.50,0.35
Gamification Designer,750000,"Creative game mechanics","Use game elements to engage users in apps","Game Design,User Psychology,Prototyping","Arts,Technology","High creativity, moderate openness",0.60,0.70,0.70,0.85,0.75,0.60,0.65,0.80,0.40,0.80,0.75,0.55,0.65,0.40
Cyber Forensics Analyst,1000000,"Investigative work, detail-oriented","Analyze digital evidence for criminal cases","Forensics,Networking,Law Enforcement","Technology,Law Enforcement","Moderate openness, high conscientiousness",0.85,0.90,0.70,0.50,0.75,0.80,0.90,0.40,0.45,0.60,0.80,0.50,0.65,0.40
Maritime Engineer,950000,"Offshore projects, mechanical stress","Design and maintain ships, marine systems","Naval Architecture,Mechanical Design","Engineering,Transportation","Moderate openness, moderate conscientiousness",0.80,0.80,0.60,0.55,0.70,0.80,0.75,0.40,0.40,0.65,0.70,0.55,0.60,0.35
Climate Change Analyst,800000,"Research, data analysis","Study climate patterns, recommend policies","Modeling,Policy,Data Analysis","Environment,Research","High openness, moderate agreeableness",0.75,0.90,0.70,0.70,0.80,1.0,0.70,0.60,0.50,0.80,0.80,0.50,0.65,0.35
Agriculture Specialist,600000,"Field visits, resource planning","Advise on modern farming techniques","Soil Science,Crop Rotation,Logistics","Agriculture,Environment","Moderate openness, moderate conscientiousness",0.50,0.65,0.60,0.50,0.65,0.60,0.45,0.30,0.40,0.60,0.70,0.60,0.55,0.45
Hydroponics Expert,700000,"Indoor farming, system monitoring","Develop and maintain hydroponic setups","Water Chemistry,Plant Biology,Automation","Agriculture,Technology","Moderate openness, moderate agreeableness",0.60,0.70,0.50,0.55,0.70,0.70,0.60,0.40,0.40,0.65,0.70,0.65,0.60,0.40
Aquaculture Manager,650000,"Fish farming, environmental balance","Oversee fish/shrimp farms for max yield","Marine Biology,Operations,Monitoring","Aquaculture,Environment","Moderate agreeableness, moderate conscientiousness",0.55,0.65,0.60,0.50,0.65,0.70,0.50,0.30,0.35,0.60,0.65,0.60,0.55,0.45
Meteorologist,700000,"Irregular hours, weather forecasting","Predict weather patterns, analyze climate data","Atmospheric Science,Modeling,Math","Environment,Research","High openness, moderate conscientiousness",0.60,0.75,0.65,0.50,0.70,0.80,0.60,0.30,0.35,0.70,0.75,0.55,0.60,0.35
Nanotechnology Engineer,1500000,"High-tech labs, precision","Manipulate matter at the nanoscale","Nanofabrication,Physics,Chemistry","Technology,Research","High openness, high analytical thinking",0.93,0.90,0.60,0.70,0.85,1.0,0.95,0.50,0.40,0.85,0.85,0.60,0.50,0.35
AI Ethics Officer,1000000,"Policy creation, responsible AI","Ensure ethical AI usage, guidelines","AI Knowledge,Policy Writing,Compliance","Technology,Legal","High conscientiousness, moderate agreeableness",0.75,0.85,0.75,0.60,0.80,1.0,0.80,0.40,0.70,0.70,0.75,0.65,0.60,0.40
3D Printing Specialist,800000,"Machine operation, design iteration","Print prototypes and custom parts","CAD,Printer Setup,Material Knowledge","Manufacturing,Design","High creativity, moderate openness",0.88,0.80,0.60,0.85,0.85,1.0,0.90,0.80,0.40,0.80,0.80,0.60,0.65,0.45
Industrial Automation Engineer,950000,"PLC controls, factory settings","Automate industrial processes","PLC,Robotics,Electronics","Manufacturing,Technology","Moderate openness, high analytical thinking",0.90,0.90,0.60,0.60,0.80,1.0,0.92,0.40,0.45,0.65,0.85,0.50,0.55,0.35
Social Media Manager,600000,"Brand management, real-time communication","Handle social media presence, content","Content Creation,Analytics,Engagement","Media,Marketing","Moderate extraversion, moderate creativity",0.50,0.60,0.85,0.80,0.75,0.60,0.40,0.70,0.70,0.70,0.70,0.65,0.65,0.40
Virtual Event Coordinator,550000,"Online platforms, scheduling","Organize and run virtual conferences/workshops","Event Planning,Tech Tools,Client Handling","Business,Technology","Moderate extraversion, moderate agreeableness",0.45,0.55,0.85,0.80,0.80,0.60,0.35,0.75,0.80,0.65,0.70,0.70,0.65,0.45
Supply Chain Analyst,700000,"Logistics planning, data crunching","Optimize flow of goods, reduce costs","Excel,Optimization,ERP","Business,Manufacturing","High analytical, moderate openness",0.80,0.90,0.65,0.40,0.70,0.80,0.70,0.30,0.40,0.65,0.75,0.55,0.50,0.35
Logistics Manager,800000,"Warehousing, delivery coordination","Manage logistics, inventory, shipments","Planning,Negotiation,Transport","Business,Operations","Moderate extraversion, moderate conscientiousness",0.65,0.70,0.70,0.40,0.70,0.60,0.60,0.30,0.70,0.70,0.70,0.60,0.60,0.45
Chartered Accountant,900000,"Tax seasons, financial accuracy","Handle accounting, auditing, tax filings","Accounting,Excel,Legal Compliance","Business,Finance","High conscientiousness, moderate openness",0.50,0.80,0.70,0.40,0.65,0.80,0.50,0.30,0.60,0.65,0.70,0.70,0.55,0.40
Financial Planner,650000,"Client engagement, risk management","Advise individuals on investment strategies","Investment,Communication,Analysis","Business,Finance","Moderate extraversion, moderate conscientiousness",0.55,0.70,0.80,0.40,0.70,0.60,0.55,0.30,0.60,0.65,0.65,0.60,0.60,0.40
Investment Banker,2000000,"Long hours, high pressure","Advise on mergers, acquisitions, fundraising","Valuation,Negotiation,Financial Modeling","Business,Finance","Moderate extraversion, high conscientiousness",0.70,0.90,0.85,0.50,0.80,0.80,0.75,0.30,0.85,0.75,0.80,0.60,0.65,0.35
Stock Market Analyst,850000,"Volatile markets, mental pressure","Analyze market trends, advise trades","Technical Analysis,Excel,Finance","Business,Analytics","Moderate openness, moderate conscientiousness",0.65,0.85,0.70,0.50,0.65,0.60,0.70,0.40,0.40,0.60,0.70,0.60,0.65,0.45
Insurance Advisor,500000,"Client trust, policy details","Sell insurance policies, assess risks","Communication,Sales,Policy","Business,Finance","Moderate agreeableness, moderate extraversion",0.40,0.60,0.80,0.50,0.60,0.50,0.35,0.20,0.70,0.65,0.60,0.70,0.60,0.40
Lawyer,1000000,"Court appearances, client deadlines","Represent clients in legal matters","Legal Research,Negotiation,Public Speaking","Legal,Government","Moderate extraversion, high conscientiousness",0.50,0.75,0.90,0.55,0.80,0.80,0.65,0.55,0.85,0.75,0.70,0.70,0.65,0.45
Legal Tech Consultant,1100000,"Complex legal-tech solutions","Implement tech for legal firms","Legal,Project Management,Software","Technology,Legal","Moderate openness, moderate conscientiousness",0.70,0.80,0.65,0.60,0.75,0.80,0.75,0.40,0.50,0.65,0.70,0.55,0.60,0.35
Corporate Lawyer,1200000,"Corporate environment, M&A deals","Handle corporate legal matters","Contract Law,Negotiation,Regulations","Legal,Business","Moderate extraversion, high conscientiousness",0.60,0.80,0.85,0.50,0.80,0.80,0.65,0.45,0.75,0.75,0.70,0.65,0.65,0.40
Judge,1300000,"High responsibility, case load","Preside over court proceedings","Legal Knowledge,Impartiality,Listening","Legal,Government","High conscientiousness, moderate openness",0.40,0.70,0.80,0.40,0.70,1.0,0.50,0.20,0.40,0.65,0.65,0.70,0.60,0.35
Police Officer,600000,"Physical fitness, law enforcement","Maintain law and order, public safety","Fitness,Investigation,Patrolling","Law Enforcement,Government","Moderate conscientiousness, moderate extraversion",0.45,0.60,0.75,0.40,0.70,0.80,0.50,0.20,0.50,0.65,0.60,0.60,0.65,0.50
Army Officer,700000,"Physical endurance, leadership","Lead troops, ensure national security","Tactical Planning,Team Management,Fitness","Government,Law Enforcement","High conscientiousness, moderate openness",0.55,0.65,0.70,0.40,0.80,1.0,0.60,0.20,0.80,0.70,0.60,0.60,0.60,0.45
Journalist,500000,"Tight deadlines, investigative","Gather and report news stories","Writing,Interviewing,Research","Media,Public Affairs","Moderate openness, moderate extraversion",0.40,0.65,0.85,0.80,0.80,0.60,0.60,0.75,0.70,0.75,0.65,0.55,0.65,0.45
News Editor,650000,"Editorial deadlines, content accuracy","Manage newsroom and edit content","Writing,Proofreading,Management","Media,Leadership","Moderate conscientiousness, moderate openness",0.45,0.70,0.85,0.70,0.75,0.60,0.55,0.70,0.70,0.70,0.65,0.60,0.60,0.40
Digital Content Creator,600000,"Creative ideas, brand integration","Produce engaging content for platforms","Video Editing,Storytelling,Branding","Media,Marketing","Moderate extraversion, moderate creativity",0.50,0.60,0.85,0.85,0.80,0.60,0.40,0.80,0.70,0.75,0.70,0.60,0.65,0.45
Translator/Interpreter,500000,"Real-time language conversion","Translate documents or speech","Language Skills,Cultural Knowledge,Listening","Languages,Government","Moderate openness, moderate agreeableness",0.30,0.40,0.80,0.50,0.60,0.60,0.35,0.20,0.30,0.55,0.70,0.60,0.55,0.35
Psychologist,700000,"Client sessions, emotional demands","Diagnose mental health issues, counsel patients","Therapy,Listening,Research","Healthcare,Social","High agreeableness, moderate openness",0.40,0.60,0.85,0.60,0.75,1.0,0.40,0.20,0.50,0.70,0.80,0.85,0.75,0.55
Mental Health Counselor,650000,"Therapeutic sessions, empathy","Provide counseling for mental well-being","Active Listening,Empathy,Record Keeping","Healthcare,Social","High agreeableness, moderate conscientiousness",0.35,0.55,0.85,0.60,0.70,0.80,0.30,0.20,0.40,0.65,0.75,0.80,0.70,0.50
Wedding Planner,500000,"Event stress, creative flair","Organize and manage wedding events","Event Management,Budgeting,Negotiation","Hospitality,Arts","Moderate extraversion, moderate creativity",0.30,0.40,0.85,0.80,0.75,0.60,0.30,0.60,0.65,0.70,0.70,0.70,0.65,0.45
Interior Designer,750000,"Client demands, aesthetic vision","Plan interior spaces for style/function","AutoCAD,Color Theory,Client Handling","Arts,Design","High creativity, moderate openness",0.65,0.70,0.75,0.90,0.75,0.80,0.60,0.90,0.50,0.80,0.75,0.60,0.70,0.40
Graphic Designer,600000,"Creative briefs, branding","Create graphics for digital/print media","Adobe Photoshop,Illustration,Branding","Arts,Marketing","High creativity, moderate conscientiousness",0.60,0.65,0.75,0.90,0.70,0.60,0.55,0.95,0.45,0.85,0.70,0.55,0.65,0.40
Fashion Designer,700000,"Seasonal collections, competition","Design clothing and accessories","Sketching,Fabric Knowledge,Trend Analysis","Arts,Design","High creativity, moderate agreeableness",0.50,0.55,0.70,0.95,0.70,0.60,0.40,0.90,0.40,0.85,0.75,0.55,0.65,0.40
Animator,650000,"Creative deadlines, repetitive tasks","Produce animations for media","2D/3D Animation,Storyboarding,Software","Arts,Media","High creativity, moderate openness",0.55,0.65,0.70,0.90,0.70,0.60,0.45,0.85,0.40,0.80,0.70,0.55,0.60,0.40
Sports Coach,600000,"Physical training, motivation","Train athletes, develop practice strategies","Sports Knowledge,Motivation,Leadership","Sports,Wellness","Moderate extraversion, high agreeableness",0.40,0.50,0.85,0.60,0.70,0.60,0.35,0.20,0.75,0.70,0.70,0.80,0.65,0.45
Professional Athlete,1000000,"Physical demands, performance pressure","Compete in sports at a professional level","Sport-Specific Skills,Fitness,Discipline","Sports,Competition","High extraversion, moderate openness",0.35,0.40,0.60,0.50,0.85,0.50,0.30,0.20,0.80,0.60,0.65,0.75,0.65,0.40
Fitness Trainer,500000,"Physical activity, client motivation","Guide individuals in workout routines","Exercise Science,Coaching,Customer Service","Wellness,Sports","High extraversion, moderate agreeableness",0.30,0.40,0.80,0.60,0.75,0.60,0.35,0.20,0.60,0.70,0.70,0.75,0.65,0.45
Yoga Instructor,450000,"Physical practice, spiritual guidance","Teach yoga postures, breathing techniques","Yoga Certification,Flexibility,Empathy","Wellness,Holistic Health","Moderate extraversion, high agreeableness",0.25,0.30,0.80,0.70,0.70,0.60,0.30,0.10,0.50,0.80,0.70,0.85,0.70,0.40
Dance Choreographer,600000,"Creative routines, physical demands","Create dance sequences for performances","Dance Skills,Music Sense,Teaching","Arts,Performance","High creativity, moderate extraversion",0.35,0.40,0.75,0.90,0.70,0.60,0.35,0.80,0.60,0.75,0.70,0.65,0.65,0.40
Music Producer,800000,"Studio environment, creative collaboration","Oversee music production, sound mixing","Composition,DAW,Collaboration","Arts,Music","High creativity, moderate agreeableness",0.40,0.50,0.70,0.85,0.75,0.60,0.45,0.70,0.40,0.80,0.70,0.60,0.60,0.40
Sound Engineer,700000,"Audio tech, live/studio environment","Manage sound mixing, recording setups","Audio Editing,Equipment Handling,Acoustics","Music,Technology","Moderate openness, moderate conscientiousness",0.55,0.60,0.60,0.70,0.70,0.60,0.65,0.50,0.30,0.75,0.70,0.55,0.55,0.35
Radio Jockey,550000,"Live audience interaction, vocal skills","Host radio shows, engage callers","Voice Modulation,Spontaneity,Media","Media,Entertainment","Moderate extraversion, moderate openness",0.35,0.40,0.90,0.70,0.65,0.60,0.30,0.60,0.70,0.80,0.60,0.70,0.65,0.40
E-Sports Player,800000,"High-pressure gaming, quick reflexes","Compete professionally in video games","Strategic Thinking,Hand-Eye Coordination","Technology,Gaming","Moderate openness, moderate extraversion",0.70,0.75,0.50,0.60,0.70,0.50,0.80,0.40,0.40,0.65,0.70,0.60,0.55,0.40
Database Administrator,1200000,"Monitor performance and backups","Ensure data integrity; optimize queries","SQL;DB Tuning;Scripting","Technology;Analytics","Moderate openness, moderate conscientiousness",0.85,0.80,0.65,0.45,0.70,0.60,0.90,0.30,0.40,0.70,0.75,0.50,0.60,0.40
MLOps Engineer,1400000,"Continuous model deployment, reliability","Streamline ML pipelines and CI/CD","Python;Containerization;Cloud","Technology;Data","High analytical, moderate openness",0.92,0.94,0.60,0.55,0.80,1.0,0.95,0.35,0.60,0.75,0.88,0.55,0.60,0.35
AI Chatbot Developer,1100000,"User queries, natural language handling","Create conversational bots for various platforms","NLP;Dialogflow;Node.js","Technology;Communication","High openness, moderate conscientiousness",0.85,0.90,0.70,0.65,0.75,0.80,0.90,0.45,0.55,0.70,0.80,0.50,0.65,0.40
Drone Delivery Coordinator,800000,"Logistics scheduling, flight regulations","Manage and optimize drone-based deliveries","Route Planning;Drone Ops;Compliance","Technology;Logistics","Moderate openness, moderate extraversion",0.60,0.70,0.65,0.50,0.70,0.60,0.80,0.40,0.40,0.65,0.70,0.60,0.55,0.45
Genetic Editor,1500000,"Lab-based gene editing, ethical checks","Use CRISPR to modify genetic code","CRISPR;Molecular Biology;Bioinformatics","Healthcare;Research","High openness, high analytical thinking",0.95,0.95,0.60,0.70,0.80,1.0,0.95,0.30,0.45,0.85,0.90,0.60,0.60,0.35
Synthetic Biologist,1400000,"Experimental labs, iterative design","Engineer biological systems for new functions","DNA Assembly;Cell Culture;CAD Tools","Healthcare;Research","High openness, moderate conscientiousness",0.90,0.88,0.55,0.70,0.75,0.80,0.90,0.30,0.40,0.80,0.85,0.60,0.55,0.35
Mixed Reality Artist,900000,"Creative design, hardware constraints","Combine AR/VR elements into artistic experiences","3D Modeling;Unity;Visual Design","Arts;Technology","High creativity, moderate openness",0.70,0.70,0.60,0.95,0.75,0.60,0.65,0.95,0.35,0.85,0.75,0.55,0.65,0.40
NFT Marketplace Manager,1000000,"Emerging tech, crypto volatility","Oversee token listing, marketing, user trust","Blockchain;Marketing;Community","Technology;Business","Moderate openness, moderate extraversion",0.65,0.75,0.75,0.60,0.70,0.80,0.80,0.35,0.65,0.70,0.70,0.60,0.60,0.40
Cyber Law Specialist,1300000,"Legal compliance, data protection","Handle legal aspects of cybersecurity and privacy","IT Law;Drafting;Negotiation","Legal;Technology","High conscientiousness, moderate openness",0.70,0.80,0.80,0.50,0.70,0.80,0.75,0.40,0.50,0.65,0.70,0.60,0.60,0.35
Forensic Accountant,950000,"Detect fraud, analyze financial evidence","Investigate financial irregularities for legal cases","Accounting;Investigations;Auditing","Business;Legal","Moderate openness, high conscientiousness",0.50,0.85,0.70,0.40,0.60,0.80,0.50,0.35,0.45,0.65,0.75,0.70,0.55,0.40
E-sports Coach,750000,"Team management, high-pressure tournaments","Train professional gamers, develop strategies","Game Tactics;Team Building;Motivation","Gaming;Sports","Moderate extraversion, moderate agreeableness",0.40,0.60,0.85,0.70,0.70,0.50,0.35,0.20,0.65,0.70,0.70,0.70,0.65,0.45
VR Therapist,700000,"Client sessions in virtual environments","Use VR tools for mental health therapy","Psychology;VR Tools;Empathy","Healthcare;Technology","High agreeableness, moderate openness",0.40,0.60,0.80,0.70,0.75,1.0,0.40,0.20,0.50,0.70,0.80,0.80,0.70,0.45
Medical Equipment Designer,900000,"R&D labs, regulatory standards","Invent or improve medical devices","Product Design;Biomedical;CAD","Healthcare;Manufacturing","High conscientiousness, moderate openness",0.70,0.75,0.65,0.60,0.80,1.0,0.75,0.45,0.40,0.65,0.78,0.65,0.60,0.35
Techno-legal Consultant,1150000,"Complex IT laws, compliance","Advise clients on technology and legal overlaps","Legal Drafting;IT Systems;Risk Analysis","Technology;Legal","Moderate openness, moderate conscientiousness",0.65,0.80,0.70,0.50,0.75,0.80,0.70,0.30,0.50,0.60,0.70,0.60,0.55,0.35
Agricultural Economist,650000,"Farm policy, market fluctuations","Analyze agricultural data, advise on pricing","Economics;Stats;Policy","Agriculture;Research","Moderate openness, moderate analytical",0.60,0.75,0.65,0.50,0.70,0.60,0.55,0.30,0.40,0.60,0.70,0.55,0.55,0.40
Global Sourcing Manager,950000,"Supplier relations, global trade","Manage international supply chains, cost control","Negotiation;Vendor Mgmt;Logistics","Business;Manufacturing","Moderate extraversion, moderate conscientiousness",0.65,0.70,0.75,0.40,0.70,0.60,0.60,0.30,0.70,0.70,0.70,0.60,0.60,0.45
UX Researcher,800000,"User interviews, data analysis","Investigate user behaviors to shape design","Qualitative Methods;Survey;Prototyping","Design;Research","Moderate openness, moderate agreeableness",0.60,0.75,0.80,0.70,0.75,0.60,0.65,0.80,0.40,0.70,0.75,0.60,0.65,0.40
Digital Twin Engineer,1300000,"High-end simulation, real-time data","Develop digital replicas of physical systems","3D Modeling;IoT;Simulation Tools","Technology;Manufacturing","High analytical, moderate openness",0.92,0.92,0.60,0.65,0.80,1.0,0.93,0.40,0.45,0.80,0.85,0.55,0.60,0.35
Oceanographer,750000,"Field expeditions, data collection","Study ocean currents, marine life, climate impacts","Marine Science;Diving;Data Analysis","Environment;Research","High openness, moderate conscientiousness",0.60,0.75,0.65,0.55,0.70,0.80,0.60,0.30,0.40,0.65,0.75,0.55,0.60,0.35
Marine Robotics Engineer,1400000,"Underwater robotics, harsh conditions","Design robots for ocean exploration","Mechanical;Control Systems;Sonar","Technology;Marine","High analytical, moderate openness",0.90,0.90,0.60,0.70,0.85,1.0,0.92,0.45,0.40,0.75,0.80,0.50,0.55,0.35
Digital Textile Designer,700000,"Creative patterns, color management","Develop prints or digital fabrics for fashion","Photoshop;Fabric Tech;CAD","Arts;Design","High creativity, moderate openness",0.50,0.60,0.65,0.90,0.70,0.60,0.55,0.90,0.35,0.80,0.70,0.55,0.65,0.40
AI Music Composer,900000,"Algorithmic composition, creative mixing","Use ML to generate original music pieces","ML Tools;Music Theory;Sound Editing","Technology;Arts","High creativity, moderate analytical",0.65,0.70,0.60,0.90,0.75,0.60,0.70,0.80,0.40,0.85,0.75,0.55,0.65,0.40
Space Law Advisor,1250000,"International treaties, satellite disputes","Handle legal frameworks for outer space activities","Legal Treaties;Policy;Arbitration","Legal;Aerospace","Moderate openness, high conscientiousness",0.60,0.80,0.70,0.50,0.70,0.80,0.65,0.35,0.45,0.65,0.70,0.60,0.60,0.40
Satellite Operations Specialist,1300000,"Monitoring orbits, system anomalies","Operate satellites, track telemetry","Orbital Mechanics;Ground Control;Electronics","Aerospace;Technology","Moderate openness, moderate analytical",0.88,0.90,0.55,0.50,0.75,0.80,0.92,0.40,0.35,0.70,0.80,0.55,0.65,0.40
Astrophysicist,1500000,"Research, cosmic data analysis","Study stars, galaxies, phenomena","Physics;Math;Data Processing","Research;Academia","High openness, moderate conscientiousness",0.90,0.95,0.55,0.65,0.70,1.0,0.95,0.30,0.30,0.80,0.85,0.50,0.55,0.35
Cognitive Computing Specialist,1600000,"AI-human interface, advanced research","Develop systems that mimic human cognition","Neuroscience;Machine Learning;Python","Research;Technology","High openness, high analytical",0.94,0.96,0.60,0.65,0.75,1.0,0.96,0.30,0.40,0.85,0.88,0.50,0.55,0.30
Bioinformatician,950000,"Large DNA data sets, high precision","Analyze biological data, create pipelines","R;Genomics;Data Wrangling","Healthcare;Research","High analytical, moderate openness",0.85,0.90,0.50,0.50,0.70,1.0,0.85,0.30,0.40,0.70,0.80,0.60,0.60,0.35
Epidemiologist,800000,"Fieldwork, outbreak investigations","Study disease spread, advise public health","Statistics;Modeling;Medical Knowledge","Healthcare;Government","High conscientiousness, moderate openness",0.60,0.80,0.75,0.55,0.75,1.0,0.65,0.30,0.45,0.65,0.75,0.55,0.65,0.40
Alternative Energy Consultant,850000,"Client advising, new tech adoption","Promote solar, wind, biofuel solutions","Renewable Tech;Market Analysis;Policy","Environment;Business","Moderate extraversion, moderate conscientiousness",0.65,0.70,0.70,0.60,0.80,0.80,0.70,0.40,0.60,0.65,0.70,0.60,0.60,0.40
Smart Grid Engineer,1200000,"Power distribution, system stability","Develop intelligent electrical grid solutions","Power Systems;IoT;Networking","Technology;Energy","High analytical, moderate openness",0.90,0.92,0.55,0.60,0.80,1.0,0.90,0.45,0.40,0.75,0.85,0.50,0.55,0.35
Vertical Farming Specialist,700000,"Indoor farming, resource optimization","Grow crops in vertical stacks, manage hydroponics","Horticulture;Automation;Monitoring","Agriculture;Technology","Moderate openness, moderate agreeableness",0.60,0.70,0.50,0.60,0.70,0.70,0.60,0.30,0.40,0.65,0.70,0.60,0.60,0.40
Carbon Credit Trader,900000,"Market trades, climate policies","Facilitate buying/selling of carbon offsets","Finance;Environment;Analysis","Business;Environment","Moderate openness, moderate conscientiousness",0.55,0.75,0.65,0.40,0.70,0.60,0.70,0.30,0.40,0.65,0.70,0.60,0.60,0.45
Environmental Lobbyist,750000,"Influence policy, frequent advocacy","Work with lawmakers on climate legislation","Persuasion;Policy;Research","Government;Environment","Moderate extraversion, moderate agreeableness",0.45,0.60,0.80,0.50,0.70,0.80,0.40,0.30,0.60,0.70,0.70,0.65,0.60,0.40
Mindfulness Coach,500000,"Client sessions, mental well-being","Teach mindfulness and stress management","Meditation;Empathy;Workshops","Healthcare;Wellness","High agreeableness, moderate openness",0.30,0.50,0.85,0.70,0.70,0.60,0.30,0.10,0.50,0.80,0.70,0.80,0.70,0.40
Spiritual Healer,400000,"Emotional labor, client reliance","Provide spiritual or holistic therapy","Energy Healing;Counseling;Empathy","Wellness;Spirituality","High agreeableness, low neuroticism",0.20,0.30,0.85,0.60,0.60,0.50,0.20,0.10,0.30,0.70,0.60,0.75,0.80,0.25
Genomic Data Curator,850000,"Data validation, lab ethics","Organize and maintain genomic databases","Bioinformatics;Data QA;Ethics","Research;Healthcare","Moderate openness, high conscientiousness",0.80,0.88,0.50,0.45,0.70,1.0,0.80,0.35,0.40,0.60,0.75,0.65,0.55,0.35
Gerontologist,600000,"Elderly care, research on aging","Study and assist in aging-related health issues","Medical Knowledge;Psychology;Empathy","Healthcare;Social","High agreeableness, moderate conscientiousness",0.40,0.60,0.75,0.50,0.70,1.0,0.40,0.20,0.50,0.70,0.75,0.70,0.70,0.45
Speech-Language Pathologist,550000,"Client therapy sessions","Diagnose and treat speech/communication disorders","Linguistics;Therapy;Patient Care","Healthcare;Education","High agreeableness, moderate openness",0.40,0.60,0.85,0.60,0.75,0.80,0.40,0.20,0.45,0.70,0.75,0.75,0.65,0.40
Cardiac Perfusionist,850000,"Surgery stress, precision","Operate heart-lung machines during operations","Medical Devices;Circulatory Systems;Monitoring","Healthcare;Critical Care","High conscientiousness, moderate agreeableness",0.50,0.70,0.60,0.40,0.75,1.0,0.55,0.30,0.35,0.60,0.70,0.70,0.60,0.40
IVF Specialist,1200000,"Patient counseling, lab precision","Assist couples with fertility treatments","Obstetrics;Lab Techniques;Patient Care","Healthcare;Research","High agreeableness, moderate conscientiousness",0.60,0.80,0.75,0.50,0.80,1.0,0.65,0.30,0.40,0.60,0.75,0.70,0.70,0.35
Sleep Technologist,500000,"Night shifts, monitoring patients","Conduct sleep studies, interpret data","Polysomnography;Physiology;Patient Care","Healthcare;Research","Moderate openness, moderate conscientiousness",0.40,0.65,0.65,0.40,0.70,0.80,0.50,0.20,0.30,0.55,0.70,0.60,0.55,0.40
Pedicurist/Manicurist,300000,"Salon environment, repetitive tasks","Groom and beautify clients' nails","Hygiene;Customer Service;Attention to Detail","Beauty;Hospitality","Moderate agreeableness, moderate conscientiousness",0.20,0.30,0.80,0.70,0.60,0.50,0.20,0.10,0.40,0.65,0.65,0.60,0.60,0.35
Ayurvedic Doctor,600000,"Holistic treatments, patient trust","Diagnose and treat using Ayurveda principles","Herbal Medicine;Diet;Counseling","Healthcare;Traditional Medicine","High agreeableness, moderate conscientiousness",0.50,0.60,0.80,0.55,0.70,1.0,0.50,0.25,0.45,0.65,0.75,0.70,0.65,0.40
Yoga Retreat Organizer,550000,"Event planning, tranquil environment","Plan yoga-based wellness retreats","Logistics;Marketing;Spiritual Knowledge","Hospitality;Wellness","Moderate extraversion, moderate openness",0.30,0.40,0.85,0.70,0.75,0.60,0.30,0.20,0.50,0.75,0.70,0.70,0.60,0.40
Vegan Chef,500000,"Kitchen creativity, specialized diets","Create plant-based meals in restaurants","Culinary;Nutrition;Menu Design","Hospitality;Wellness","High creativity, moderate extraversion",0.40,0.50,0.80,0.85,0.75,0.60,0.40,0.70,0.40,0.75,0.70,0.60,0.65,0.45
Food Blogger,450000,"Restaurant visits, content creation","Review eateries, share recipes online","Writing;Photography;Social Media","Media;Food","Moderate openness, moderate extraversion",0.30,0.50,0.85,0.75,0.70,0.60,0.30,0.60,0.70,0.70,0.70,0.65,0.60,0.40
Rare Cuisine Specialist,700000,"Unique ingredients, creative plating","Prepare rare or heritage dishes","Cooking Skills;Cultural Knowledge;R&D","Hospitality;Arts","High creativity, moderate conscientiousness",0.55,0.60,0.75,0.90,0.70,0.60,0.50,0.85,0.45,0.80,0.70,0.55,0.65,0.40
Food Safety Inspector,600000,"Field inspections, regulatory checks","Ensure food establishments meet health standards","Auditing;Hygiene;Legal Compliance","Government;Hospitality","Moderate conscientiousness, moderate agreeableness",0.45,0.65,0.65,0.40,0.70,0.80,0.50,0.30,0.40,0.65,0.70,0.60,0.60,0.40
Construction Project Manager,900000,"On-site supervision, time management","Plan and execute construction projects","Scheduling;Budgeting;Team Coordination","Business;Manufacturing","Moderate extraversion, moderate conscientiousness",0.65,0.75,0.70,0.40,0.70,0.60,0.60,0.35,0.70,0.70,0.70,0.60,0.60,0.45
Real Estate Appraiser,700000,"Market analysis, property visits","Evaluate property value for sales or loans","Valuation;Market Trends;Negotiation","Business;Finance","Moderate openness, moderate conscientiousness",0.50,0.70,0.65,0.40,0.65,0.60,0.50,0.25,0.40,0.60,0.70,0.60,0.55,0.40
PropTech Solutions Developer,1100000,"Platform scalability, real-estate data","Build software to streamline property dealings","Full Stack;GIS;APIs","Technology;Real Estate","Moderate analytical, moderate openness",0.85,0.85,0.65,0.60,0.75,1.0,0.90,0.50,0.45,0.70,0.75,0.60,0.65,0.40
Drone Surveyor,650000,"Outdoor mapping, geo-accuracy","Use drones to survey land or properties","Surveying;Drone Piloting;Data Processing","Technology;Mapping","Moderate openness, moderate conscientiousness",0.60,0.70,0.55,0.50,0.65,0.70,0.60,0.30,0.40,0.60,0.70,0.55,0.55,0.40
Renewable Construction Specialist,850000,"Green building methods, site management","Integrate eco-friendly materials in construction","LEED;Sustainability;Engineering","Environment;Construction","Moderate conscientiousness, moderate openness",0.75,0.80,0.60,0.60,0.80,0.80,0.70,0.40,0.55,0.65,0.75,0.60,0.60,0.35
HVAC Engineer,750000,"Building comfort, system efficiency","Design heating, ventilation, air conditioning setups","Thermodynamics;AutoCAD;Maintenance","Manufacturing;Construction","Moderate analytical, moderate conscientiousness",0.70,0.75,0.50,0.40,0.70,0.60,0.65,0.30,0.35,0.60,0.70,0.55,0.55,0.40
Mechatronics Technician,600000,"Assembly lines, mechanical-electrical tasks","Install and repair mechatronic components","PLC;Mechanics;Electronics","Manufacturing;Technology","Moderate openness, moderate conscientiousness",0.65,0.70,0.50,0.45,0.70,0.60,0.60,0.35,0.35,0.60,0.65,0.55,0.55,0.40
CNC Programmer,550000,"Precision machining, tool path generation","Create programs for computer-controlled machines","G-code;CAM Software;3D Modeling","Manufacturing;Technology","Moderate analytical, moderate conscientiousness",0.70,0.75,0.50,0.45,0.65,0.60,0.65,0.30,0.30,0.60,0.65,0.55,0.55,0.40
Fashion Stylist,650000,"Client coordination, brand aesthetics","Dress clients, plan looks for events","Color Theory;Fashion Trends;Networking","Arts;Marketing","Moderate extraversion, moderate creativity",0.45,0.55,0.80,0.85,0.70,0.60,0.30,0.60,0.55,0.70,0.70,0.65,0.60,0.45
Luxury Brand Manager,1200000,"High-end client relations, brand integrity","Oversee brand image, target premium market","Marketing Strategy;PR;Trend Analysis","Business;Fashion","Moderate extraversion, high conscientiousness",0.60,0.80,0.85,0.60,0.80,0.80,0.65,0.40,0.75,0.75,0.70,0.65,0.65,0.40
Cosmetic Chemist,900000,"Formulation labs, product testing","Develop skincare, cosmetic products","Chemistry;R&D;Regulatory Knowledge","Beauty;Manufacturing","Moderate openness, moderate conscientiousness",0.55,0.70,0.65,0.65,0.75,0.80,0.60,0.30,0.35,0.65,0.70,0.60,0.60,0.40
Perfumer,850000,"Scent creation, trial & error","Compose fragrances blending various aromatics","Chemistry;Olfactory Training;Creativity","Beauty;Arts","High creativity, moderate conscientiousness",0.45,0.50,0.65,0.90,0.70,0.60,0.40,0.80,0.35,0.75,0.70,0.55,0.60,0.40
Tattoo Artist,400000,"Artistic skill, hygiene standards","Design and ink tattoos on clients","Sketching;Tattoo Machines;Safety","Arts;Body Art","High creativity, moderate openness",0.40,0.40,0.70,0.90,0.70,0.50,0.35,0.80,0.30,0.75,0.70,0.55,0.60,0.45
Voice-over Artist,500000,"Vocal clarity, script interpretation","Record voice for ads, animations, narration","Voice Modulation;Acting;Diction","Media;Entertainment","Moderate extraversion, moderate creativity",0.30,0.40,0.90,0.75,0.65,0.60,0.25,0.60,0.70,0.75,0.65,0.65,0.65,0.40
Film Colorist,700000,"Color grading, post-production stress","Adjust color tones for films/TV shows","DaVinci Resolve;Aesthetic Sense;Editing","Media;Arts","High creativity, moderate conscientiousness",0.55,0.60,0.70,0.90,0.70,0.60,0.50,0.85,0.30,0.80,0.70,0.55,0.60,0.40
Cinematographer,1000000,"Long shoots, creative angles","Capture visuals that convey story and mood","Camera Handling;Lighting;Composition","Media;Arts","High creativity, moderate openness",0.60,0.65,0.70,0.95,0.75,0.60,0.50,0.90,0.40,0.85,0.75,0.60,0.65,0.40
Location Scout,600000,"Travel, logistical checks","Find and evaluate locations for film shoots","Photography;Negotiation;Geography","Media;Travel","Moderate extraversion, moderate conscientiousness",0.40,0.50,0.70,0.60,0.65,0.60,0.35,0.25,0.55,0.65,0.65,0.60,0.60,0.45
Audio Description Writer,450000,"Attention to detail, empathy","Create descriptive narrations for visually impaired","Script Writing;Audio Timings;Empathy","Media;Social Service","Moderate agreeableness, moderate openness",0.30,0.40,0.85,0.60,0.60,0.60,0.35,0.20,0.30,0.65,0.70,0.65,0.55,0.35
Accessibility Specialist,700000,"User-centric design, compliance","Ensure apps/sites are accessible to all","WCAG Standards;UI Testing;Empathy","Technology;Social","Moderate openness, high conscientiousness",0.60,0.70,0.70,0.55,0.75,0.80,0.65,0.40,0.50,0.70,0.75,0.65,0.65,0.40
Resilience Coach,500000,"Personal development, stress management","Help individuals build resilience skills","Counseling;Motivation;Strategy","Wellness;Education","High agreeableness, moderate openness",0.35,0.50,0.85,0.65,0.70,0.60,0.30,0.10,0.50,0.75,0.70,0.80,0.70,0.40
Innovation Facilitator,900000,"Idea generation, creative workshops","Guide teams to develop innovative solutions","Workshop Design;Brainstorming;Design Thinking","Business;Education","High creativity, moderate extraversion",0.65,0.70,0.85,0.90,0.80,0.60,0.70,0.85,0.60,0.80,0.75,0.60,0.65,0.40
TEDx Organizer,400000,"Event coordination, speaker curation","Plan and host local TEDx conferences","Event Management;Speaker Outreach;Branding","Media;Education","Moderate extraversion, moderate conscientiousness",0.30,0.45,0.85,0.60,0.70,0.60,0.35,0.25,0.60,0.65,0.65,0.65,0.60,0.40
Climate Action Campaigner,550000,"Grassroots organizing, policy push","Mobilize citizens and lobby for climate actions","Advocacy;Policy;Public Speaking","Social;Environment","Moderate extraversion, moderate agreeableness",0.40,0.55,0.80,0.70,0.75,0.80,0.40,0.30,0.65,0.70,0.70,0.70,0.60,0.40
Sustainable Fashion Consultant,600000,"Eco-friendly materials, brand strategy","Advise brands on ethical, green apparel","Fabric Knowledge;Sourcing;Sustainability","Arts;Business","Moderate conscientiousness, moderate openness",0.50,0.60,0.70,0.80,0.75,0.60,0.60,0.50,0.50,0.70,0.70,0.60,0.60,0.35
Futurist/Trend Analyst,950000,"Predict societal/tech trends","Research signals of change, advise on future plans","Research;Analysis;Scenario Planning","Business;Technology","High openness, moderate conscientiousness",0.70,0.85,0.60,0.70,0.75,0.80,0.75,0.35,0.45,0.75,0.80,0.55,0.65,0.35
Global Logistics Analyst,850000,"Cross-border shipping, data crunch","Optimize international logistics networks","Freight Management;Analytics;Customs","Business;Transport","Moderate openness, moderate analytical",0.65,0.80,0.65,0.40,0.70,0.80,0.70,0.30,0.40,0.65,0.70,0.60,0.60,0.40
Crowdfunding Manager,600000,"Platform usage, campaign marketing","Help projects raise funds through crowdfunding","Marketing;Storytelling;Finance","Business;Social","Moderate extraversion, moderate creativity",0.45,0.55,0.80,0.80,0.75,0.60,0.35,0.70,0.70,0.65,0.70,0.65,0.65,0.45
Inclusion & Diversity Officer,750000,"Workplace policies, cultural sensitivity","Promote inclusive environment and equal opportunity","HR Policy;Mediation;Training","Business;Social","Moderate agreeableness, moderate conscientiousness",0.40,0.65,0.75,0.60,0.70,0.60,0.50,0.30,0.50,0.65,0.70,0.60,0.60,0.40
Online Reputation Manager,700000,"Brand image, social media crises","Monitor and improve a companyâ€™s online presence","PR;Analytics;Conflict Resolution","Marketing;Technology","Moderate extraversion, moderate openness",0.45,0.55,0.85,0.70,0.75,0.60,0.40,0.80,0.70,0.70,0.70,0.65,0.60,0.40
Multilingual Tour Guide,500000,"City tours, language bridging","Lead tourists, explain cultural significance","Translation;History;Public Speaking","Hospitality;Languages","Moderate extraversion, moderate agreeableness",0.40,0.50,0.85,0.60,0.70,0.50,0.35,0.20,0.70,0.65,0.70,0.70,0.60,0.40
Mind-Body Fitness Instructor,450000,"Holistic approach, personalized training","Blend yoga, pilates, meditation for wellness","Yoga;Pilates;Stress Management","Wellness;Fitness","Moderate extraversion, high agreeableness",0.30,0.40,0.80,0.70,0.75,0.60,0.30,0.20,0.50,0.75,0.70,0.80,0.70,0.40
Sports Nutritionist,600000,"Athlete dietary planning","Design nutrition plans to enhance sports performance","Diet Analysis;Sports Physiology;Motivation","Sports;Wellness","High agreeableness, moderate conscientiousness",0.35,0.60,0.80,0.60,0.70,0.60,0.35,0.20,0.50,0.70,0.70,0.75,0.65,0.40
Aquatic Ecologist,650000,"Field sampling, water ecosystems","Study aquatic environments, preserve biodiversity","Sampling;Data Analysis;Conservation","Environment;Research","High openness, moderate conscientiousness",0.60,0.75,0.60,0.55,0.75,0.80,0.60,0.30,0.40,0.65,0.75,0.55,0.60,0.35
Animal Assisted Therapist,550000,"Work with therapy animals, emotional support","Help patients using trained therapy animals","Animal Handling;Psychology;Empathy","Healthcare;Social Work","High agreeableness, moderate openness",0.35,0.50,0.85,0.65,0.70,0.80,0.30,0.20,0.40,0.70,0.75,0.80,0.70,0.50
Cultural Heritage Manager,600000,"Preserve historical sites, community outreach","Oversee heritage projects and maintain authenticity","Archaeology;Project Mgmt;Policy","Government;Arts","Moderate openness, moderate conscientiousness",0.55,0.60,0.70,0.50,0.70,0.80,0.55,0.25,0.40,0.60,0.70,0.60,0.60,0.40
Wellness Retreat Chef,500000,"Health-focused cuisine, balanced meals","Prepare nutritious menus for wellness programs","Healthy Cooking;Meal Planning;Diet","Hospitality;Wellness","High creativity, moderate agreeableness",0.45,0.50,0.75,0.85,0.70,0.60,0.40,0.70,0.40,0.75,0.70,0.60,0.65,0.45
Game Economy Designer,950000,"Balance virtual economies, user engagement","Plan in-game currencies, rewards, monetization","Game Theory;Analytics;UX","Technology;Gaming","High analytical, moderate creativity",0.80,0.90,0.60,0.70,0.75,0.60,0.85,0.70,0.40,0.80,0.80,0.55,0.60,0.40
Playable Ads Developer,700000,"Mobile advertising, minigame creation","Design interactive ads for mobile platforms","HTML5;Game Design;Marketing","Media;Technology","Moderate creativity, moderate openness",0.65,0.70,0.75,0.80,0.70,0.60,0.70,0.75,0.40,0.75,0.75,0.55,0.65,0.40
Esports Journalist,600000,"Fast-paced reporting, gaming knowledge","Cover esports events, interview pro players","Writing;Interviewing;Game Analysis","Media;Gaming","Moderate openness, moderate extraversion",0.40,0.60,0.85,0.80,0.75,0.60,0.60,0.75,0.70,0.75,0.70,0.60,0.65,0.45
Cloud Security Consultant,1300000,"Advanced threats, compliance","Secure cloud infrastructures and policies","Cloud Platforms;Security Audits;IAM","Technology;Cybersecurity","Moderate openness, high conscientiousness",0.90,0.92,0.65,0.60,0.80,1.0,0.95,0.40,0.50,0.70,0.85,0.50,0.65,0.40
Hardware Prototyping Engineer,1200000,"Electronics lab, iterative design","Develop prototypes for new hardware concepts","PCB Design;Soldering;Microcontrollers","Technology;Manufacturing","High analytical, moderate openness",0.88,0.90,0.55,0.60,0.80,1.0,0.88,0.40,0.40,0.70,0.80,0.50,0.55,0.35
Space Tourism Coordinator,1100000,"Client orientation, safety protocols","Arrange commercial space flight experiences","Aerospace Basics;Marketing;Logistics","Travel;Aerospace","Moderate extraversion, moderate conscientiousness",0.60,0.65,0.70,0.50,0.70,0.80,0.60,0.30,0.70,0.70,0.70,0.60,0.60,0.40
Cosmetic Dermatologist,1200000,"Patient consultations, aesthetic treatments","Provide skincare, anti-aging, cosmetic solutions","Dermatology;Laser;Counseling","Healthcare;Beauty","High agreeableness, moderate conscientiousness",0.60,0.70,0.80,0.55,0.75,1.0,0.65,0.30,0.45,0.65,0.75,0.70,0.70,0.35
Cruise Director,800000,"Onboard entertainment, guest relations","Plan events, coordinate staff on cruise ships","Hospitality;Leadership;Event Planning","Hospitality;Travel","Moderate extraversion, moderate openness",0.50,0.60,0.85,0.60,0.70,0.60,0.40,0.30,0.80,0.70,0.70,0.65,0.60,0.40
Museum Exhibit Designer,700000,"Artistic layout, historical context","Create engaging museum installations","CAD;Art History;Spatial Design","Arts;Education","High creativity, moderate conscientiousness",0.60,0.65,0.65,0.90,0.70,0.60,0.55,0.90,0.35,0.80,0.70,0.55,0.60,0.40
Aquarium Manager,650000,"Marine wildlife care, visitor engagement","Oversee aquarium exhibits, aquatic animal welfare","Marine Biology;Customer Service;Operations","Hospitality;Environment","Moderate conscientiousness, moderate openness",0.55,0.65,0.70,0.50,0.65,0.80,0.55,0.25,0.40,0.60,0.70,0.60,0.60,0.40
Certified Sommelier,500000,"Taste training, customer recommendations","Advise on wine selection, manage wine cellars","Wine Knowledge;Service;Sales","Hospitality;Food","Moderate extraversion, moderate openness",0.35,0.50,0.85,0.65,0.70,0.60,0.30,0.20,0.60,0.70,0.70,0.70,0.60,0.40
Solar Maintenance Engineer,550000,"Field repairs, system monitoring","Maintain and troubleshoot solar panel setups","Electrical;Diagnostics;Safety","Energy;Technology","Moderate openness, moderate conscientiousness",0.60,0.65,0.55,0.50,0.70,0.60,0.70,0.35,0.35,0.60,0.70,0.55,0.55,0.45
Food Waste Auditor,400000,"Site visits, supply chain assessment","Identify food wastage points, propose solutions","Data Collection;Logistics;Sustainability","Business;Environment","Moderate conscientiousness, moderate agreeableness",0.45,0.60,0.65,0.40,0.70,0.80,0.50,0.30,0.40,0.65,0.70,0.60,0.60,0.40
Hyperlocal Delivery Manager,550000,"Operations scheduling, last-mile logistics","Coordinate small-radius deliveries in city areas","Routing;Team Management;Negotiation","Business;Logistics","Moderate extraversion, moderate conscientiousness",0.50,0.65,0.70,0.40,0.70,0.60,0.60,0.30,0.70,0.70,0.70,0.60,0.60,0.45
Battery Technologist,900000,"Battery chemistry, performance testing","Develop advanced batteries for electric vehicles","Chemistry;R&D;Prototyping","Technology;Manufacturing","High analytical, moderate conscientiousness",0.85,0.90,0.50,0.55,0.75,1.0,0.88,0.35,0.35,0.70,0.80,0.60,0.55,0.35
EV Charging Infrastructure Planner,850000,"Power grids, site scouting","Plan and set up charging stations for electric vehicles","Electrical;Urban Planning;Logistics","Technology;Transport","Moderate openness, moderate conscientiousness",0.70,0.80,0.60,0.45,0.75,0.80,0.75,0.40,0.40,0.65,0.70,0.55,0.60,0.40
Solar Sales Executive,500000,"Sales targets, client site visits","Sell and market solar energy solutions","Negotiation;Presentation;Renewable Basics","Business;Energy","Moderate extraversion, moderate openness",0.45,0.55,0.80,0.50,0.70,0.60,0.40,0.30,0.60,0.65,0.70,0.65,0.60,0.40
Philanthropy Advisor,700000,"Donor relations, charity impact","Guide donors on impactful giving strategies","Nonprofit Knowledge;Finance;Networking","Social;Business","Moderate agreeableness, moderate conscientiousness",0.40,0.60,0.80,0.50,0.70,0.60,0.50,0.30,0.65,0.70,0.70,0.65,0.60,0.40
CSR Program Manager,850000,"Community outreach, brand alignment","Develop corporate social responsibility initiatives","Project Mgmt;Stakeholder Relations;Budgeting","Business;Social","Moderate extraversion, moderate agreeableness",0.50,0.65,0.80,0.60,0.75,0.60,0.60,0.30,0.70,0.70,0.70,0.65,0.65,0.40
EduTech Sales Trainer,600000,"Training staff, meeting targets","Teach sales teams to sell educational products","Sales Techniques;Teaching;LMS","Education;Business","Moderate extraversion, moderate openness",0.55,0.60,0.85,0.70,0.70,0.60,0.55,0.45,0.60,0.70,0.70,0.65,0.60,0.40
Solar Architect,950000,"Design solar-integrated buildings","Incorporate solar panels seamlessly into structures","AutoCAD;Solar Layout;Structural","Architecture;Energy","Moderate openness, moderate analytical",0.80,0.85,0.60,0.70,0.75,0.80,0.85,0.50,0.45,0.70,0.78,0.60,0.60,0.35
Virtual Team Facilitator,550000,"Remote collaboration, conflict resolution","Help distributed teams work effectively","Communication Tools;Team Building;Scheduling","Business;Remote Work","Moderate extraversion, moderate agreeableness",0.40,0.55,0.85,0.70,0.80,0.60,0.35,0.60,0.80,0.70,0.70,0.65,0.65,0.45
NFT Art Curator,700000,"Blockchain knowledge, curation","Curate digital art for NFT platforms","Art Critique;Crypto;Marketing","Arts;Technology","High creativity, moderate openness",0.60,0.60,0.65,0.90,0.70,0.60,0.55,0.85,0.30,0.80,0.70,0.55,0.60,0.40
Drone Racing Organizer,600000,"Event hosting, sponsor deals","Set up drone racing tournaments and leagues","Event Mgmt;Drone Tech;Sponsorship","Sports;Technology","Moderate extraversion, moderate conscientiousness",0.50,0.60,0.70,0.55,0.70,0.50,0.40,0.25,0.70,0.65,0.70,0.60,0.60,0.45
Blockchain Auditor,1100000,"Smart contract audits, security checks","Review blockchain code for vulnerabilities","Solidity;Security;Tokenomics","Technology;Finance","Moderate openness, high conscientiousness",0.85,0.90,0.65,0.55,0.80,0.80,0.90,0.40,0.45,0.70,0.80,0.60,0.65,0.35
Robotic Process Automation Consultant,1150000,"Enterprise process mapping","Implement RPA solutions for repetitive tasks","UIPath;Business Analysis;Workflow","Technology;Business","Moderate analytical, moderate openness",0.85,0.90,0.60,0.50,0.80,0.80,0.88,0.40,0.45,0.70,0.78,0.55,0.60,0.35
Corporate Well-being Strategist,750000,"HR policies, mental health focus","Design well-being programs for employees","Counseling;HR;Program Design","Business;Healthcare","High agreeableness, moderate openness",0.35,0.60,0.80,0.65,0.70,0.60,0.50,0.30,0.50,0.75,0.70,0.70,0.65,0.40
Remote Teaching Consultant,600000,"E-learning, training teachers","Train educators to teach effectively online","Pedagogy;Tech Tools;Communication","Education;Technology","Moderate agreeableness, moderate openness",0.50,0.60,0.85,0.70,0.70,0.60,0.65,0.70,0.45,0.65,0.75,0.60,0.60,0.40
Hydrogen Fuel Engineer,1400000,"R&D on fuel cells, safety protocols","Develop hydrogen-based energy solutions","Fuel Cell Tech;Chemistry;Renewables","Energy;Research","High analytical, moderate openness",0.92,0.94,0.55,0.60,0.80,1.0,0.90,0.40,0.40,0.75,0.85,0.50,0.55,0.35
Bioplastic Researcher,850000,"Lab-based polymer testing","Create eco-friendly plastic alternatives","Polymer Science;Lab Analysis;Sustainability","Manufacturing;Environment","Moderate openness, moderate conscientiousness",0.75,0.80,0.50,0.60,0.75,0.80,0.70,0.30,0.40,0.65,0.70,0.60,0.60,0.40
Waste-to-Energy Engineer,900000,"Plant operations, feedstock sourcing","Convert waste into usable energy","Chemical Engg;Thermodynamics;Process Control","Environment;Manufacturing","Moderate analytical, moderate openness",0.80,0.85,0.50,0.55,0.75,1.0,0.80,0.30,0.35,0.70,0.75,0.55,0.55,0.35
5G Network Planner,1300000,"Telecom infra, coverage mapping","Design and optimize 5G rollouts","RF Engineering;Spectrum;Project Mgmt","Technology;Telecom","High analytical, moderate conscientiousness",0.92,0.90,0.55,0.50,0.80,1.0,0.90,0.45,0.40,0.70,0.80,0.50,0.60,0.35
Electric Vehicle Fleet Manager,800000,"Maintenance scheduling, charging oversight","Manage EV fleets, ensure operational efficiency","Logistics;Vehicle Maintenance;Data Analysis","Transport;Technology","Moderate extraversion, moderate conscientiousness",0.65,0.70,0.70,0.40,0.70,0.60,0.60,0.30,0.70,0.70,0.70,0.60,0.60,0.45
Carbon Footprint Analyst,600000,"Corporate or individual carbon audits","Calculate and recommend ways to reduce emissions","Data Analysis;Environmental Policy;Reporting","Environment;Business","Moderate openness, moderate conscientiousness",0.55,0.70,0.60,0.50,0.70,0.80,0.70,0.30,0.40,0.65,0.70,0.60,0.60,0.40
Citizen Data Scientist,500000,"Part-time data solutions, community projects","Use data to solve local issues or small business problems","Excel;Open Data;Visualization","Community;Technology","Moderate openness, moderate agreeableness",0.40,0.55,0.70,0.50,0.65,0.60,0.55,0.30,0.35,0.60,0.65,0.60,0.55,0.40
Farm-to-Table Coordinator,550000,"Supply chain, local produce sourcing","Connect local farms with restaurants or stores","Logistics;Negotiation;Food Knowledge","Agriculture;Business","Moderate extraversion, moderate conscientiousness",0.45,0.50,0.75,0.50,0.70,0.60,0.50,0.30,0.55,0.65,0.70,0.60,0.60,0.45
Aerial Photographer,650000,"Drone flight, creative composition","Capture aerial images for real estate, ads, surveys","Drone Operation;Photography;Editing","Arts;Technology","Moderate creativity, moderate conscientiousness",0.50,0.60,0.70,0.80,0.70,0.60,0.55,0.85,0.35,0.80,0.70,0.55,0.60,0.40
Hyperloop Engineer,1500000,"High-speed transit, vacuum tubes","Design and optimize hyperloop transport systems","Mechanical;Maglev;Systems Modeling","Technology;Transport","High analytical, moderate openness",0.94,0.95,0.50,0.60,0.80,1.0,0.94,0.45,0.40,0.75,0.85,0.50,0.55,0.35
Drone Filmmaker,800000,"Cinematography, aerial shots","Create drone-based video content for films and ads","Drone Operation;Camera Work;Editing","Media;Technology","High creativity, moderate openness",0.60,0.65,0.70,0.90,0.75,0.60,0.55,0.90,0.40,0.85,0.75,0.60,0.65,0.40
Interactive Installation Artist,700000,"Art shows, tech-based exhibits","Produce immersive, interactive art installations","Coding;Electronics;Artistry","Arts;Technology","High creativity, moderate agreeableness",0.55,0.60,0.60,0.95,0.75,0.60,0.50,0.85,0.35,0.80,0.70,0.55,0.60,0.40
AI-Generated Content Editor,750000,"Review machine outputs, refine writing","Curate and polish AI-produced articles or scripts","Editing;ML Tools;Journalism","Media;Technology","Moderate openness, moderate conscientiousness",0.70,0.80,0.85,0.70,0.75,0.60,0.70,0.60,0.50,0.70,0.75,0.60,0.65,0.40
Micro-housing Architect,800000,"Space-saving designs, sustainability","Plan compact living solutions for urban areas","Architecture;CAD;Ergonomics","Construction;Environment","Moderate openness, moderate analytical",0.75,0.80,0.60,0.70,0.80,0.80,0.75,0.50,0.45,0.70,0.78,0.60,0.65,0.35
Cyber Psychological Profiler,1000000,"Online behavior analysis, digital forensics","Assess individuals' mental states from digital footprints","Psychology;OSINT;Pattern Recognition","Cybersecurity;Healthcare","Moderate openness, high analytical",0.85,0.92,0.70,0.60,0.80,0.80,0.90,0.40,0.45,0.70,0.85,0.60,0.65,0.40
Space Weather Forecaster,900000,"Solar flares, geomagnetic storms","Predict space weather and its impact on satellites","Astrophysics;Monitoring;Modeling","Research;Aerospace","High openness, moderate conscientiousness",0.70,0.85,0.60,0.60,0.70,1.0,0.70,0.30,0.35,0.75,0.80,0.55,0.60,0.40

